,Name,RAJ(deg),DECJ(deg),P(ms),Edot,Discovery,Characteristics,Refs
0,PSR_J0007+7303,1.75,73.05,315.87,4.5e+35,G,q,"1,6,14,23,38,45"
1,PSR_J0357+3205,59.47,32.09,444.1,5.9e+33,GU,q,"6,14,23,45"
2,PSR_J0359+5414,59.86,54.25,79.43,1.2999999999999999e+36,GU,q,"P201,64"
3,PSR_J0554+3107,88.52,31.13,464.96,5.599999999999999e+34,GU,q,"P201,51"
4,PSR_J0622+3749,95.54,37.82,333.21,2.7e+34,GU,q,"32,45"
5,PSR_J0633+0632,98.43,6.54,297.4,1.1999999999999999e+35,GU,q,"6,14,23,45"
6,PSR_J0633+1746,98.48,17.77,236.97,3.2e+34,XE,xq,"14,20,45"
7,PSR_J0734-1559,113.69,-15.99,155.14,1.2999999999999998e+35,GU,q,"P8,45"
8,PSR_J0744-2525,116.02,-25.42,92.01,4.8e+34,GU,q,92
9,PSR_J0802-5613,120.6,-56.22,274.09,5.3e+33,GU,q,92
10,PSR_J1023-5746,155.76,-57.77,111.47,1.1e+37,GU,q,"21,45"
11,PSR_J1044-5737,161.14,-57.62,139.03,8e+35,GU,q,"21,45"
12,PSR_J1057-5851,164.29,-58.85,620.35,1.7e+34,GU,q,"P201,64"
13,PSR_J1105-6037,166.25,-60.62,194.93,1.1999999999999999e+35,GU,q,"P201,64"
14,PSR_J1111-6039,167.95,-60.66,106.67,7.000000000000001e+36,GU,q,P25
15,PSR_J1135-6055,173.78,-60.93,114.49,2.1e+36,GU,q,"P11,45"
16,PSR_J1139-6247,174.82,-62.79,120.43,9.1e+34,GU,q,92
17,PSR_J1203-6242,180.98,-62.71,100.64,1.7e+36,GU,q,92
18,PSR_J1208-6238,182.06,-62.63,440.52,1.5e+36,GU,q,"P201,63"
19,PSR_J1231-5113,187.9,-51.23,206.44,5.1999999999999996e+32,GU,q,92
20,PSR_J1231-6511,187.93,-65.2,247.37,7.399999999999999e+34,GU,q,92
21,PSR_J1335-5656,203.77,-56.93,3.24,1.3999999999999998e+34,GU,mq,92
22,PSR_J1350-6225,207.68,-62.43,138.16,1.2999999999999998e+35,GU,q,"P201,64"
23,PSR_J1358-6025,209.61,-60.43,60.52,5.4e+35,GU,q,92
24,PSR_J1413-6205,213.37,-62.09,109.74,8.3e+35,GU,q,"21,45"
25,PSR_J1418-6058,214.68,-60.97,110.57,5.0000000000000004e+36,GU,q,"6,14,23,45"
26,PSR_J1422-6138,215.62,-61.64,340.97,9.6e+34,GU,q,"P201,51"
27,PSR_J1429-5911,217.49,-59.19,115.84,7.7e+35,GU,q,"21,45"
28,PSR_J1447-5757,221.87,-57.96,158.73,1.1999999999999999e+35,GU,q,92
29,PSR_J1459-6053,224.88,-60.89,103.15,9.1e+35,GU,qx,"6,14,23,45"
30,PSR_J1522-5735,230.52,-57.58,102.14,1.2e+36,GU,q,"P201,51"
31,PSR_J1528-5838,232.1,-58.63,355.75,2.1999999999999998e+34,GU,q,"P201,64"
32,PSR_J1615-5137,243.82,-51.62,179.28,7.3e+34,GU,q,81
33,PSR_J1620-4927,245.17,-49.46,171.93,8.2e+34,GU,q,"32,45"
34,PSR_J1623-5005,245.77,-50.09,85.11,2.7e+35,GU,q,"P201,64"
35,PSR_J1624-4041,246.04,-40.69,167.86,4e+34,GU,q,"P201,64"
36,PSR_J1641-5317,250.32,-53.3,175.11,2.7e+34,GU,q,74
37,PSR_J1649-3012,252.44,-30.21,3.42,1.3e+34,GU,mq,"92,107"
38,PSR_J1650-4601,252.58,-46.02,127.06,2.9e+35,GU,q,"P201,64"
39,PSR_J1653-0158,253.41,-1.98,1.97,1.2e+34,GU,mbq,"83,91"
40,PSR_J1714-3830,258.58,-38.51,84.14,4.6e+36,GU,q,P25
41,PSR_J1736-3422,264.05,-34.37,346.93,6.2e+34,GU,q,"92,107"
42,PSR_J1742-3321,265.55,-33.36,143.31,1.7e+34,GU,q,"92,107"
43,PSR_J1744-7619,266.0,-76.32,4.69,3.7000000000000004e+33,GU,mq,72
44,PSR_J1746-3239,266.73,-32.67,199.54,3.3e+34,GU,q,"32,45"
45,PSR_J1748-2815,267.13,-28.25,100.16,1.4e+35,GU,q,"92,107"
46,PSR_J1803-2149,270.79,-21.82,106.33,6.4e+35,GU,q,"32,45"
47,PSR_J1809-2332,272.46,-23.54,146.79,4.3e+35,G,q,"6,14,23,45"
48,PSR_J1813-1246,273.35,-12.77,48.07,6.2e+36,GU,xq,"6,14,23,45"
49,PSR_J1817-1742,274.29,-17.7,149.74,2.3999999999999998e+35,GU,q,74
50,PSR_J1826-1256,276.54,-12.94,110.22,3.6e+36,G,xq,"6,14,23,45"
51,PSR_J1827-0849,276.9,-8.83,2.24,3.7999999999999997e+34,GU,mq,78
52,PSR_J1827-1446,276.85,-14.77,499.19,1.3999999999999998e+34,GU,q,"P201,64"
53,PSR_J1836+5925,279.06,59.42,173.26,1.0999999999999999e+34,G,q,"6,14,16,23,45"
54,PSR_J1838-0537,279.73,-5.62,145.71,5.9e+36,GU,q,"40,45"
55,PSR_J1844-0346,281.14,-3.78,112.85,4.3e+36,GU,q,"P201,64"
56,PSR_J1846-0258,281.6,-2.97,326.57,8.1e+36,X,xq,"96,97"
57,PSR_J1846+0919,281.61,9.33,225.55,3.4e+34,GU,q,"21,45"
58,PSR_J1906+0722,286.63,7.38,111.48,1e+36,GU,q,"P201,58"
59,PSR_J1932+1916,293.08,19.28,208.21,4.1e+35,GU,q,"P201,51"
60,PSR_J1954+2836,298.58,28.6,92.71,1e+36,GU,q,"21,45"
61,PSR_J1957+5033,299.41,50.56,374.81,5.3e+33,GU,q,"21,45"
62,PSR_J1958+2846,299.67,28.76,290.39,3.4e+35,GU,q,"6,14,23,45"
63,PSR_J2017+3625,304.48,36.42,166.75,1.2e+34,GU,q,"P201,64"
64,PSR_J2021+4026,305.38,40.45,265.32,1.1999999999999999e+35,G,q,"6,14,23,33,45"
65,PSR_J2028+3332,307.08,33.53,176.71,3.5e+34,GU,q,"32,45"
66,PSR_J2030+4415,307.72,44.26,227.07,2.1999999999999998e+34,GU,q,"32,45"
67,PSR_J2034+3632,308.75,36.54,3.65,1.4e+33,GU,mq,92
68,PSR_J2055+2539,313.95,25.67,319.56,4.9e+33,GU,xq,"21,45"
69,PSR_J2111+4606,317.85,46.11,157.83,1.4e+36,GU,q,"32,45"
70,PSR_J2139+4716,324.98,47.27,282.85,3.1e+33,GU,q,"32,45"
71,PSR_J2238+5903,339.62,59.06,162.73,8.9e+35,GU,q,"6,14,23"
